{
  "attacker_indices": [
    195,
    149,
    27,
    93,
    101,
    219,
    72,
    52,
    32,
    100,
    54,
    95,
    17,
    4,
    251,
    190
  ],
  "selected_indices": [
    5,
    93,
    183,
    55,
    87,
    191,
    23,
    121,
    91,
    188,
    201,
    70,
    126,
    13,
    49,
    189,
    12,
    186,
    8,
    74,
    57,
    145,
    17,
    253,
    156,
    180,
    194,
    65,
    245,
    190,
    66,
    11
  ],
  "entropies": [
    2.235929250717163,
    2.2357542514801025,
    2.256462335586548,
    2.2424938678741455,
    2.255960464477539,
    2.2767767906188965,
    2.265054702758789,
    2.258087635040283,
    2.2725331783294678,
    2.250699996948242,
    2.241055488586426,
    2.2700371742248535,
    2.2727549076080322,
    2.273083209991455,
    2.236783981323242,
    2.2436866760253906,
    2.2532811164855957,
    2.271376132965088,
    2.26094388961792,
    2.254183769226074,
    2.241652488708496,
    2.2451133728027344,
    2.2623372077941895,
    2.2745440006256104,
    2.2442469596862793,
    2.2389776706695557,
    2.267976999282837,
    2.238135576248169,
    2.2405943870544434,
    2.2435622215270996,
    2.260193109512329,
    2.2358765602111816,
    2.2600064277648926,
    2.2426769733428955,
    2.2412731647491455,
    2.2612416744232178,
    2.237267255783081,
    2.251420736312866,
    2.2466213703155518,
    2.2393670082092285,
    2.2392566204071045,
    2.254626512527466,
    2.2633938789367676,
    2.2419004440307617,
    2.246734380722046,
    2.243480682373047,
    2.2419450283050537,
    2.241809129714966,
    2.235612392425537,
    2.2728683948516846,
    2.257925033569336,
    2.249952793121338,
    2.2459475994110107,
    2.2518205642700195,
    2.2393839359283447,
    2.2751688957214355,
    2.236609697341919,
    2.271597385406494,
    2.254862070083618,
    2.2426598072052,
    2.257519006729126,
    2.243692636489868,
    2.2623696327209473,
    2.2532927989959717,
    2.2350223064422607,
    2.270559072494507,
    2.2702550888061523,
    2.261902332305908,
    2.2386138439178467,
    2.2574868202209473,
    2.2734954357147217,
    2.235407829284668,
    2.2594876289367676,
    2.244286298751831,
    2.271977663040161,
    2.23832631111145,
    2.252784013748169,
    2.240652322769165,
    2.2463297843933105,
    2.2484281063079834,
    2.239398956298828,
    2.2440664768218994,
    2.2687056064605713,
    2.243260622024536,
    2.2478585243225098,
    2.2570137977600098,
    2.2331273555755615,
    2.2747457027435303,
    2.2398319244384766,
    2.2463979721069336,
    2.2604944705963135,
    2.274510383605957,
    2.2622649669647217,
    2.2752954959869385,
    2.2656936645507812,
    2.247476100921631,
    2.261124849319458,
    2.259124517440796,
    2.2539470195770264,
    2.264302968978882,
    2.237088918685913,
    2.25299334526062,
    2.259626626968384,
    2.2406249046325684,
    2.233562707901001,
    2.2696452140808105,
    2.2501590251922607,
    2.2552380561828613,
    2.23962664604187,
    2.2332606315612793,
    2.257615566253662,
    2.245426654815674,
    2.265711545944214,
    2.2442643642425537,
    2.252619743347168,
    2.265674352645874,
    2.2434840202331543,
    2.2610857486724854,
    2.239598035812378,
    2.2527177333831787,
    2.2677276134490967,
    2.2745261192321777,
    2.252535820007324,
    2.258509397506714,
    2.2605810165405273,
    2.265188694000244,
    2.2732577323913574,
    2.2432901859283447,
    2.2506139278411865,
    2.244405508041382,
    2.2498080730438232,
    2.2443504333496094,
    2.265634059906006,
    2.2695977687835693,
    2.2403390407562256,
    2.2573487758636475,
    2.266192674636841,
    2.24541974067688,
    2.2679619789123535,
    2.2431509494781494,
    2.2577707767486572,
    2.2462332248687744,
    2.2606201171875,
    2.255969524383545,
    2.25779390335083,
    2.2715563774108887,
    2.243939161300659,
    2.2579538822174072,
    2.2342777252197266,
    2.2402026653289795,
    2.264376163482666,
    2.2546181678771973,
    2.265840530395508,
    2.2472927570343018,
    2.2376906871795654,
    2.2528460025787354,
    2.2709338665008545,
    2.243817090988159,
    2.257357120513916,
    2.2649946212768555,
    2.2445120811462402,
    2.2430741786956787,
    2.2415883541107178,
    2.2352795600891113,
    2.241448402404785,
    2.2547178268432617,
    2.2687342166900635,
    2.2699663639068604,
    2.245525360107422,
    2.251718521118164,
    2.2484183311462402,
    2.256011962890625,
    2.257845401763916,
    2.238848924636841,
    2.2386865615844727,
    2.2385616302490234,
    2.251593589782715,
    2.238114595413208,
    2.2641117572784424,
    2.257310628890991,
    2.2706716060638428,
    2.2536685466766357,
    2.2404661178588867,
    2.2752504348754883,
    2.2349190711975098,
    2.2594194412231445,
    2.272697925567627,
    2.2412164211273193,
    2.2741382122039795,
    2.272799253463745,
    2.2704529762268066,
    2.2746968269348145,
    2.2544734477996826,
    2.269406318664551,
    2.2705843448638916,
    2.233426809310913,
    2.242095470428467,
    2.236541748046875,
    2.269522190093994,
    2.2529208660125732,
    2.2646372318267822,
    2.2735419273376465,
    2.25526762008667,
    2.2432444095611572,
    2.2659127712249756,
    2.245400905609131,
    2.252716064453125,
    2.248084306716919,
    2.2543344497680664,
    2.2564504146575928,
    2.248368740081787,
    2.2542614936828613,
    2.2498860359191895,
    2.2560648918151855,
    2.2583518028259277,
    2.2421088218688965,
    2.2375011444091797,
    2.2438063621520996,
    2.248685836791992,
    2.249009132385254,
    2.251533031463623,
    2.239525556564331,
    2.2495858669281006,
    2.250049591064453,
    2.241600513458252,
    2.256289482116699,
    2.2430362701416016,
    2.247606039047241,
    2.239431619644165,
    2.2341511249542236,
    2.2409021854400635,
    2.2493441104888916,
    2.2432520389556885,
    2.245110511779785,
    2.237617254257202,
    2.2665176391601562,
    2.258418083190918,
    2.2368223667144775,
    2.268730640411377,
    2.249551296234131,
    2.2530620098114014,
    2.251615047454834,
    2.239910840988159,
    2.2503273487091064,
    2.247957229614258,
    2.270542860031128,
    2.236422538757324,
    2.2557153701782227,
    2.250215768814087,
    2.2518601417541504,
    2.2694787979125977,
    2.246572256088257,
    2.2644803524017334,
    2.2713258266448975,
    2.2375733852386475,
    2.2661900520324707
  ],
  "config": {
    "dataset": "fashionmnist",
    "data_root": "./data",
    "model": "simplecnn",
    "attack_mode": "random",
    "candidate_size": 256,
    "attack_size": 16,
    "topk": 32,
    "proxy_epochs": 1,
    "victim_epochs": null,
    "batch_size": 32,
    "lr": 0.001,
    "optimizer": "adamw",
    "weight_decay": 0.0001,
    "epsilon": 0.3,
    "alpha": 0.01,
    "pgd_steps": 40,
    "pickmepp_outer_steps": 8,
    "pickmepp_inner_steps": 5,
    "pickmepp_inner_batch_size": 128,
    "pickmepp_inner_lr": 0.05,
    "seed": 7,
    "device": "cpu",
    "output_dir": "./outputs_fashionmnist_test",
    "save_poisoned_pool": false
  }
}